"Date","Source","Site ID","POC","Daily Mean Pb Concentration","UNITS","DAILY_AQI_VALUE","Site Name","DAILY_OBS_COUNT","PERCENT_COMPLETE","AQS_PARAMETER_CODE","AQS_PARAMETER_DESC","CBSA_CODE","CBSA_NAME","STATE_CODE","STATE","COUNTY_CODE","COUNTY","SITE_LATITUDE","SITE_LONGITUDE"
"01/09/1987","AQS","260996001","1","0.04","ug/m3 SC",".","","1","100.0000","12128","Lead (TSP) STP","19820","Detroit-Warren-Dearborn, MI","26","Michigan","099","Macomb","42.535035158","-83.067703157"
"01/15/1987","AQS","260996001","1","0.02","ug/m3 SC",".","","1","100.0000","12128","Lead (TSP) STP","19820","Detroit-Warren-Dearborn, MI","26","Michigan","099","Macomb","42.535035158","-83.067703157"
"01/21/1987","AQS","260996001","1","0.08","ug/m3 SC",".","","1","100.0000","12128","Lead (TSP) STP","19820","Detroit-Warren-Dearborn, MI","26","Michigan","099","Macomb","42.535035158","-83.067703157"
"01/27/1987","AQS","260996001","1","0.08","ug/m3 SC",".","","1","100.0000","12128","Lead (TSP) STP","19820","Detroit-Warren-Dearborn, MI","26","Michigan","099","Macomb","42.535035158","-83.067703157"
"02/02/1987","AQS","260996001","1","0.06","ug/m3 SC",".","","1","100.0000","12128","Lead (TSP) STP","19820","Detroit-Warren-Dearborn, MI","26","Michigan","099","Macomb","42.535035158","-83.067703157"
"02/08/1987","AQS","260996001","1","0.01","ug/m3 SC",".","","1","100.0000","12128","Lead (TSP) STP","19820","Detroit-Warren-Dearborn, MI","26","Michigan","099","Macomb","42.535035158","-83.067703157"
"02/14/1987","AQS","260996001","1","0","ug/m3 SC",".","","1","100.0000","12128","Lead (TSP) STP","19820","Detroit-Warren-Dearborn, MI","26","Michigan","099","Macomb","42.535035158","-83.067703157"
"02/20/1987","AQS","260996001","1","0.05","ug/m3 SC",".","","1","100.0000","12128","Lead (TSP) STP","19820","Detroit-Warren-Dearborn, MI","26","Michigan","099","Macomb","42.535035158","-83.067703157"
"02/26/1987","AQS","260996001","1","0.01","ug/m3 SC",".","","1","100.0000","12128","Lead (TSP) STP","19820","Detroit-Warren-Dearborn, MI","26","Michigan","099","Macomb","42.535035158","-83.067703157"
"03/04/1987","AQS","260996001","1","0.12","ug/m3 SC",".","","1","100.0000","12128","Lead (TSP) STP","19820","Detroit-Warren-Dearborn, MI","26","Michigan","099","Macomb","42.535035158","-83.067703157"
"03/10/1987","AQS","260996001","1","0.05","ug/m3 SC",".","","1","100.0000","12128","Lead (TSP) STP","19820","Detroit-Warren-Dearborn, MI","26","Michigan","099","Macomb","42.535035158","-83.067703157"
"03/16/1987","AQS","260996001","1","0.07","ug/m3 SC",".","","1","100.0000","12128","Lead (TSP) STP","19820","Detroit-Warren-Dearborn, MI","26","Michigan","099","Macomb","42.535035158","-83.067703157"
"03/22/1987","AQS","260996001","1","0.06","ug/m3 SC",".","","1","100.0000","12128","Lead (TSP) STP","19820","Detroit-Warren-Dearborn, MI","26","Michigan","099","Macomb","42.535035158","-83.067703157"
"03/28/1987","AQS","260996001","1","0.06","ug/m3 SC",".","","1","100.0000","12128","Lead (TSP) STP","19820","Detroit-Warren-Dearborn, MI","26","Michigan","099","Macomb","42.535035158","-83.067703157"
"04/03/1987","AQS","260996001","1","0.02","ug/m3 SC",".","","1","100.0000","12128","Lead (TSP) STP","19820","Detroit-Warren-Dearborn, MI","26","Michigan","099","Macomb","42.535035158","-83.067703157"
"04/09/1987","AQS","260996001","1","0.08","ug/m3 SC",".","","1","100.0000","12128","Lead (TSP) STP","19820","Detroit-Warren-Dearborn, MI","26","Michigan","099","Macomb","42.535035158","-83.067703157"
"04/15/1987","AQS","260996001","1","0.09","ug/m3 SC",".","","1","100.0000","12128","Lead (TSP) STP","19820","Detroit-Warren-Dearborn, MI","26","Michigan","099","Macomb","42.535035158","-83.067703157"
"04/21/1987","AQS","260996001","1","0.08","ug/m3 SC",".","","1","100.0000","12128","Lead (TSP) STP","19820","Detroit-Warren-Dearborn, MI","26","Michigan","099","Macomb","42.535035158","-83.067703157"
"04/27/1987","AQS","260996001","1","0.08","ug/m3 SC",".","","1","100.0000","12128","Lead (TSP) STP","19820","Detroit-Warren-Dearborn, MI","26","Michigan","099","Macomb","42.535035158","-83.067703157"
"05/03/1987","AQS","260996001","1","0.02","ug/m3 SC",".","","1","100.0000","12128","Lead (TSP) STP","19820","Detroit-Warren-Dearborn, MI","26","Michigan","099","Macomb","42.535035158","-83.067703157"
"05/09/1987","AQS","260996001","1","0.03","ug/m3 SC",".","","1","100.0000","12128","Lead (TSP) STP","19820","Detroit-Warren-Dearborn, MI","26","Michigan","099","Macomb","42.535035158","-83.067703157"
"05/15/1987","AQS","260996001","1","0","ug/m3 SC",".","","1","100.0000","12128","Lead (TSP) STP","19820","Detroit-Warren-Dearborn, MI","26","Michigan","099","Macomb","42.535035158","-83.067703157"
"05/21/1987","AQS","260996001","1","0.08","ug/m3 SC",".","","1","100.0000","12128","Lead (TSP) STP","19820","Detroit-Warren-Dearborn, MI","26","Michigan","099","Macomb","42.535035158","-83.067703157"
"05/27/1987","AQS","260996001","1","0.07","ug/m3 SC",".","","1","100.0000","12128","Lead (TSP) STP","19820","Detroit-Warren-Dearborn, MI","26","Michigan","099","Macomb","42.535035158","-83.067703157"
"06/02/1987","AQS","260996001","1","0.07","ug/m3 SC",".","","1","100.0000","12128","Lead (TSP) STP","19820","Detroit-Warren-Dearborn, MI","26","Michigan","099","Macomb","42.535035158","-83.067703157"
"06/08/1987","AQS","260996001","1","0.02","ug/m3 SC",".","","1","100.0000","12128","Lead (TSP) STP","19820","Detroit-Warren-Dearborn, MI","26","Michigan","099","Macomb","42.535035158","-83.067703157"
"06/14/1987","AQS","260996001","1","0.02","ug/m3 SC",".","","1","100.0000","12128","Lead (TSP) STP","19820","Detroit-Warren-Dearborn, MI","26","Michigan","099","Macomb","42.535035158","-83.067703157"
"06/20/1987","AQS","260996001","1","0.05","ug/m3 SC",".","","1","100.0000","12128","Lead (TSP) STP","19820","Detroit-Warren-Dearborn, MI","26","Michigan","099","Macomb","42.535035158","-83.067703157"
"06/26/1987","AQS","260996001","1","0.01","ug/m3 SC",".","","1","100.0000","12128","Lead (TSP) STP","19820","Detroit-Warren-Dearborn, MI","26","Michigan","099","Macomb","42.535035158","-83.067703157"
"07/02/1987","AQS","260996001","1","0.06","ug/m3 SC",".","","1","100.0000","12128","Lead (TSP) STP","19820","Detroit-Warren-Dearborn, MI","26","Michigan","099","Macomb","42.535035158","-83.067703157"
"07/08/1987","AQS","260996001","1","0.03","ug/m3 SC",".","","1","100.0000","12128","Lead (TSP) STP","19820","Detroit-Warren-Dearborn, MI","26","Michigan","099","Macomb","42.535035158","-83.067703157"
"07/14/1987","AQS","260996001","1","0.01","ug/m3 SC",".","","1","100.0000","12128","Lead (TSP) STP","19820","Detroit-Warren-Dearborn, MI","26","Michigan","099","Macomb","42.535035158","-83.067703157"
"07/20/1987","AQS","260996001","1","0.02","ug/m3 SC",".","","1","100.0000","12128","Lead (TSP) STP","19820","Detroit-Warren-Dearborn, MI","26","Michigan","099","Macomb","42.535035158","-83.067703157"
"07/26/1987","AQS","260996001","1","0.02","ug/m3 SC",".","","1","100.0000","12128","Lead (TSP) STP","19820","Detroit-Warren-Dearborn, MI","26","Michigan","099","Macomb","42.535035158","-83.067703157"
"08/01/1987","AQS","260996001","1","0.04","ug/m3 SC",".","","1","100.0000","12128","Lead (TSP) STP","19820","Detroit-Warren-Dearborn, MI","26","Michigan","099","Macomb","42.535035158","-83.067703157"
"08/07/1987","AQS","260996001","1","0.05","ug/m3 SC",".","","1","100.0000","12128","Lead (TSP) STP","19820","Detroit-Warren-Dearborn, MI","26","Michigan","099","Macomb","42.535035158","-83.067703157"
"08/13/1987","AQS","260996001","1","0.03","ug/m3 SC",".","","1","100.0000","12128","Lead (TSP) STP","19820","Detroit-Warren-Dearborn, MI","26","Michigan","099","Macomb","42.535035158","-83.067703157"
"08/19/1987","AQS","260996001","1","0.03","ug/m3 SC",".","","1","100.0000","12128","Lead (TSP) STP","19820","Detroit-Warren-Dearborn, MI","26","Michigan","099","Macomb","42.535035158","-83.067703157"
"08/25/1987","AQS","260996001","1","0.05","ug/m3 SC",".","","1","100.0000","12128","Lead (TSP) STP","19820","Detroit-Warren-Dearborn, MI","26","Michigan","099","Macomb","42.535035158","-83.067703157"
"08/31/1987","AQS","260996001","1","0.02","ug/m3 SC",".","","1","100.0000","12128","Lead (TSP) STP","19820","Detroit-Warren-Dearborn, MI","26","Michigan","099","Macomb","42.535035158","-83.067703157"
"09/06/1987","AQS","260996001","1","0.06","ug/m3 SC",".","","1","100.0000","12128","Lead (TSP) STP","19820","Detroit-Warren-Dearborn, MI","26","Michigan","099","Macomb","42.535035158","-83.067703157"
"09/12/1987","AQS","260996001","1","0.1","ug/m3 SC",".","","1","100.0000","12128","Lead (TSP) STP","19820","Detroit-Warren-Dearborn, MI","26","Michigan","099","Macomb","42.535035158","-83.067703157"
"09/18/1987","AQS","260996001","1","0.06","ug/m3 SC",".","","1","100.0000","12128","Lead (TSP) STP","19820","Detroit-Warren-Dearborn, MI","26","Michigan","099","Macomb","42.535035158","-83.067703157"
"09/24/1987","AQS","260996001","1","0.03","ug/m3 SC",".","","1","100.0000","12128","Lead (TSP) STP","19820","Detroit-Warren-Dearborn, MI","26","Michigan","099","Macomb","42.535035158","-83.067703157"
"09/30/1987","AQS","260996001","1","0.02","ug/m3 SC",".","","1","100.0000","12128","Lead (TSP) STP","19820","Detroit-Warren-Dearborn, MI","26","Michigan","099","Macomb","42.535035158","-83.067703157"
"01/03/1987","AQS","261253001","1","0.04","ug/m3 SC",".","","1","100.0000","12128","Lead (TSP) STP","19820","Detroit-Warren-Dearborn, MI","26","Michigan","125","Oakland","42.494757352","-83.202984284"
"01/09/1987","AQS","261253001","1","0.03","ug/m3 SC",".","","1","100.0000","12128","Lead (TSP) STP","19820","Detroit-Warren-Dearborn, MI","26","Michigan","125","Oakland","42.494757352","-83.202984284"
"01/15/1987","AQS","261253001","1","0.02","ug/m3 SC",".","","1","100.0000","12128","Lead (TSP) STP","19820","Detroit-Warren-Dearborn, MI","26","Michigan","125","Oakland","42.494757352","-83.202984284"
"01/21/1987","AQS","261253001","1","0.04","ug/m3 SC",".","","1","100.0000","12128","Lead (TSP) STP","19820","Detroit-Warren-Dearborn, MI","26","Michigan","125","Oakland","42.494757352","-83.202984284"
"01/27/1987","AQS","261253001","1","0.07","ug/m3 SC",".","","1","100.0000","12128","Lead (TSP) STP","19820","Detroit-Warren-Dearborn, MI","26","Michigan","125","Oakland","42.494757352","-83.202984284"
"02/02/1987","AQS","261253001","1","0.01","ug/m3 SC",".","","1","100.0000","12128","Lead (TSP) STP","19820","Detroit-Warren-Dearborn, MI","26","Michigan","125","Oakland","42.494757352","-83.202984284"
"02/08/1987","AQS","261253001","1","0.04","ug/m3 SC",".","","1","100.0000","12128","Lead (TSP) STP","19820","Detroit-Warren-Dearborn, MI","26","Michigan","125","Oakland","42.494757352","-83.202984284"
"02/14/1987","AQS","261253001","1","0.05","ug/m3 SC",".","","1","100.0000","12128","Lead (TSP) STP","19820","Detroit-Warren-Dearborn, MI","26","Michigan","125","Oakland","42.494757352","-83.202984284"
"02/20/1987","AQS","261253001","1","0.13","ug/m3 SC",".","","1","100.0000","12128","Lead (TSP) STP","19820","Detroit-Warren-Dearborn, MI","26","Michigan","125","Oakland","42.494757352","-83.202984284"
"02/26/1987","AQS","261253001","1","0.12","ug/m3 SC",".","","1","100.0000","12128","Lead (TSP) STP","19820","Detroit-Warren-Dearborn, MI","26","Michigan","125","Oakland","42.494757352","-83.202984284"
"03/04/1987","AQS","261253001","1","0.07","ug/m3 SC",".","","1","100.0000","12128","Lead (TSP) STP","19820","Detroit-Warren-Dearborn, MI","26","Michigan","125","Oakland","42.494757352","-83.202984284"
"03/10/1987","AQS","261253001","1","0.03","ug/m3 SC",".","","1","100.0000","12128","Lead (TSP) STP","19820","Detroit-Warren-Dearborn, MI","26","Michigan","125","Oakland","42.494757352","-83.202984284"
"03/16/1987","AQS","261253001","1","0.03","ug/m3 SC",".","","1","100.0000","12128","Lead (TSP) STP","19820","Detroit-Warren-Dearborn, MI","26","Michigan","125","Oakland","42.494757352","-83.202984284"
"04/03/1987","AQS","261253001","1","0.05","ug/m3 SC",".","","1","100.0000","12128","Lead (TSP) STP","19820","Detroit-Warren-Dearborn, MI","26","Michigan","125","Oakland","42.494757352","-83.202984284"
"04/09/1987","AQS","261253001","1","0.08","ug/m3 SC",".","","1","100.0000","12128","Lead (TSP) STP","19820","Detroit-Warren-Dearborn, MI","26","Michigan","125","Oakland","42.494757352","-83.202984284"
"04/15/1987","AQS","261253001","1","0.08","ug/m3 SC",".","","1","100.0000","12128","Lead (TSP) STP","19820","Detroit-Warren-Dearborn, MI","26","Michigan","125","Oakland","42.494757352","-83.202984284"
"04/21/1987","AQS","261253001","1","0.08","ug/m3 SC",".","","1","100.0000","12128","Lead (TSP) STP","19820","Detroit-Warren-Dearborn, MI","26","Michigan","125","Oakland","42.494757352","-83.202984284"
"04/27/1987","AQS","261253001","1","0.1","ug/m3 SC",".","","1","100.0000","12128","Lead (TSP) STP","19820","Detroit-Warren-Dearborn, MI","26","Michigan","125","Oakland","42.494757352","-83.202984284"
"05/03/1987","AQS","261253001","1","0.04","ug/m3 SC",".","","1","100.0000","12128","Lead (TSP) STP","19820","Detroit-Warren-Dearborn, MI","26","Michigan","125","Oakland","42.494757352","-83.202984284"
"05/09/1987","AQS","261253001","1","0.03","ug/m3 SC",".","","1","100.0000","12128","Lead (TSP) STP","19820","Detroit-Warren-Dearborn, MI","26","Michigan","125","Oakland","42.494757352","-83.202984284"
"05/15/1987","AQS","261253001","1","0.03","ug/m3 SC",".","","1","100.0000","12128","Lead (TSP) STP","19820","Detroit-Warren-Dearborn, MI","26","Michigan","125","Oakland","42.494757352","-83.202984284"
"05/21/1987","AQS","261253001","1","0.08","ug/m3 SC",".","","1","100.0000","12128","Lead (TSP) STP","19820","Detroit-Warren-Dearborn, MI","26","Michigan","125","Oakland","42.494757352","-83.202984284"
"05/27/1987","AQS","261253001","1","0.06","ug/m3 SC",".","","1","100.0000","12128","Lead (TSP) STP","19820","Detroit-Warren-Dearborn, MI","26","Michigan","125","Oakland","42.494757352","-83.202984284"
"06/02/1987","AQS","261253001","1","0.04","ug/m3 SC",".","","1","100.0000","12128","Lead (TSP) STP","19820","Detroit-Warren-Dearborn, MI","26","Michigan","125","Oakland","42.494757352","-83.202984284"
"06/08/1987","AQS","261253001","1","0.02","ug/m3 SC",".","","1","100.0000","12128","Lead (TSP) STP","19820","Detroit-Warren-Dearborn, MI","26","Michigan","125","Oakland","42.494757352","-83.202984284"
"06/14/1987","AQS","261253001","1","0.01","ug/m3 SC",".","","1","100.0000","12128","Lead (TSP) STP","19820","Detroit-Warren-Dearborn, MI","26","Michigan","125","Oakland","42.494757352","-83.202984284"
"06/20/1987","AQS","261253001","1","0.06","ug/m3 SC",".","","1","100.0000","12128","Lead (TSP) STP","19820","Detroit-Warren-Dearborn, MI","26","Michigan","125","Oakland","42.494757352","-83.202984284"
"06/26/1987","AQS","261253001","1","0.01","ug/m3 SC",".","","1","100.0000","12128","Lead (TSP) STP","19820","Detroit-Warren-Dearborn, MI","26","Michigan","125","Oakland","42.494757352","-83.202984284"
"07/02/1987","AQS","261253001","1","0.07","ug/m3 SC",".","","1","100.0000","12128","Lead (TSP) STP","19820","Detroit-Warren-Dearborn, MI","26","Michigan","125","Oakland","42.494757352","-83.202984284"
"07/08/1987","AQS","261253001","1","0.03","ug/m3 SC",".","","1","100.0000","12128","Lead (TSP) STP","19820","Detroit-Warren-Dearborn, MI","26","Michigan","125","Oakland","42.494757352","-83.202984284"
"07/14/1987","AQS","261253001","1","0.02","ug/m3 SC",".","","1","100.0000","12128","Lead (TSP) STP","19820","Detroit-Warren-Dearborn, MI","26","Michigan","125","Oakland","42.494757352","-83.202984284"
"07/20/1987","AQS","261253001","1","0.03","ug/m3 SC",".","","1","100.0000","12128","Lead (TSP) STP","19820","Detroit-Warren-Dearborn, MI","26","Michigan","125","Oakland","42.494757352","-83.202984284"
"07/26/1987","AQS","261253001","1","0.02","ug/m3 SC",".","","1","100.0000","12128","Lead (TSP) STP","19820","Detroit-Warren-Dearborn, MI","26","Michigan","125","Oakland","42.494757352","-83.202984284"
"08/01/1987","AQS","261253001","1","0.05","ug/m3 SC",".","","1","100.0000","12128","Lead (TSP) STP","19820","Detroit-Warren-Dearborn, MI","26","Michigan","125","Oakland","42.494757352","-83.202984284"
"10/06/1987","AQS","261470005","5","0.0589","ug/m3 SC",".","Port Huron","1","100.0000","12128","Lead (TSP) STP","19820","Detroit-Warren-Dearborn, MI","26","Michigan","147","St. Clair","42.9533362711269","-82.4562287816265"
"10/18/1987","AQS","261470005","5","0.0198","ug/m3 SC",".","Port Huron","1","100.0000","12128","Lead (TSP) STP","19820","Detroit-Warren-Dearborn, MI","26","Michigan","147","St. Clair","42.9533362711269","-82.4562287816265"
"10/30/1987","AQS","261470005","5","0.0359","ug/m3 SC",".","Port Huron","1","100.0000","12128","Lead (TSP) STP","19820","Detroit-Warren-Dearborn, MI","26","Michigan","147","St. Clair","42.9533362711269","-82.4562287816265"
"11/11/1987","AQS","261470005","5","0.039","ug/m3 SC",".","Port Huron","1","100.0000","12128","Lead (TSP) STP","19820","Detroit-Warren-Dearborn, MI","26","Michigan","147","St. Clair","42.9533362711269","-82.4562287816265"
"11/23/1987","AQS","261470005","5","0.0385","ug/m3 SC",".","Port Huron","1","100.0000","12128","Lead (TSP) STP","19820","Detroit-Warren-Dearborn, MI","26","Michigan","147","St. Clair","42.9533362711269","-82.4562287816265"
"12/05/1987","AQS","261470005","5","0.0087","ug/m3 SC",".","Port Huron","1","100.0000","12128","Lead (TSP) STP","19820","Detroit-Warren-Dearborn, MI","26","Michigan","147","St. Clair","42.9533362711269","-82.4562287816265"
"12/17/1987","AQS","261470005","5","0.007","ug/m3 SC",".","Port Huron","1","100.0000","12128","Lead (TSP) STP","19820","Detroit-Warren-Dearborn, MI","26","Michigan","147","St. Clair","42.9533362711269","-82.4562287816265"
"12/29/1987","AQS","261470005","5","0.0165","ug/m3 SC",".","Port Huron","1","100.0000","12128","Lead (TSP) STP","19820","Detroit-Warren-Dearborn, MI","26","Michigan","147","St. Clair","42.9533362711269","-82.4562287816265"
"10/18/1987","AQS","261630002","5","0.0923","ug/m3 SC",".","","1","100.0000","12128","Lead (TSP) STP","19820","Detroit-Warren-Dearborn, MI","26","Michigan","163","Wayne","42.305871045","-83.14964636"
"11/11/1987","AQS","261630002","5","0.0634","ug/m3 SC",".","","1","100.0000","12128","Lead (TSP) STP","19820","Detroit-Warren-Dearborn, MI","26","Michigan","163","Wayne","42.305871045","-83.14964636"
"11/23/1987","AQS","261630002","5","0.2986","ug/m3 SC",".","","1","100.0000","12128","Lead (TSP) STP","19820","Detroit-Warren-Dearborn, MI","26","Michigan","163","Wayne","42.305871045","-83.14964636"
"12/05/1987","AQS","261630002","5","0.0262","ug/m3 SC",".","","1","100.0000","12128","Lead (TSP) STP","19820","Detroit-Warren-Dearborn, MI","26","Michigan","163","Wayne","42.305871045","-83.14964636"
"12/17/1987","AQS","261630002","5","0.0231","ug/m3 SC",".","","1","100.0000","12128","Lead (TSP) STP","19820","Detroit-Warren-Dearborn, MI","26","Michigan","163","Wayne","42.305871045","-83.14964636"
"12/29/1987","AQS","261630002","5","0.033","ug/m3 SC",".","","1","100.0000","12128","Lead (TSP) STP","19820","Detroit-Warren-Dearborn, MI","26","Michigan","163","Wayne","42.305871045","-83.14964636"
"01/03/1987","AQS","261630015","1","0.0713","ug/m3 SC",".","Southwestern H.S.","1","100.0000","12128","Lead (TSP) STP","19820","Detroit-Warren-Dearborn, MI","26","Michigan","163","Wayne","42.3027864681917","-83.1065304278455"
"01/15/1987","AQS","261630015","1","0.0711","ug/m3 SC",".","Southwestern H.S.","1","100.0000","12128","Lead (TSP) STP","19820","Detroit-Warren-Dearborn, MI","26","Michigan","163","Wayne","42.3027864681917","-83.1065304278455"
"01/27/1987","AQS","261630015","1","0.0895","ug/m3 SC",".","Southwestern H.S.","1","100.0000","12128","Lead (TSP) STP","19820","Detroit-Warren-Dearborn, MI","26","Michigan","163","Wayne","42.3027864681917","-83.1065304278455"
"02/08/1987","AQS","261630015","1","0.0775","ug/m3 SC",".","Southwestern H.S.","1","100.0000","12128","Lead (TSP) STP","19820","Detroit-Warren-Dearborn, MI","26","Michigan","163","Wayne","42.3027864681917","-83.1065304278455"
"02/20/1987","AQS","261630015","1","0.148","ug/m3 SC",".","Southwestern H.S.","1","100.0000","12128","Lead (TSP) STP","19820","Detroit-Warren-Dearborn, MI","26","Michigan","163","Wayne","42.3027864681917","-83.1065304278455"
"03/04/1987","AQS","261630015","1","0.1055","ug/m3 SC",".","Southwestern H.S.","1","100.0000","12128","Lead (TSP) STP","19820","Detroit-Warren-Dearborn, MI","26","Michigan","163","Wayne","42.3027864681917","-83.1065304278455"
"03/16/1987","AQS","261630015","1","0.0661","ug/m3 SC",".","Southwestern H.S.","1","100.0000","12128","Lead (TSP) STP","19820","Detroit-Warren-Dearborn, MI","26","Michigan","163","Wayne","42.3027864681917","-83.1065304278455"
"04/21/1987","AQS","261630015","1","0.1721","ug/m3 SC",".","Southwestern H.S.","1","100.0000","12128","Lead (TSP) STP","19820","Detroit-Warren-Dearborn, MI","26","Michigan","163","Wayne","42.3027864681917","-83.1065304278455"
"05/03/1987","AQS","261630015","1","0.0618","ug/m3 SC",".","Southwestern H.S.","1","100.0000","12128","Lead (TSP) STP","19820","Detroit-Warren-Dearborn, MI","26","Michigan","163","Wayne","42.3027864681917","-83.1065304278455"
"05/27/1987","AQS","261630015","1","0.1408","ug/m3 SC",".","Southwestern H.S.","1","100.0000","12128","Lead (TSP) STP","19820","Detroit-Warren-Dearborn, MI","26","Michigan","163","Wayne","42.3027864681917","-83.1065304278455"
"06/08/1987","AQS","261630015","1","0.0947","ug/m3 SC",".","Southwestern H.S.","1","100.0000","12128","Lead (TSP) STP","19820","Detroit-Warren-Dearborn, MI","26","Michigan","163","Wayne","42.3027864681917","-83.1065304278455"
"06/20/1987","AQS","261630015","1","0.0696","ug/m3 SC",".","Southwestern H.S.","1","100.0000","12128","Lead (TSP) STP","19820","Detroit-Warren-Dearborn, MI","26","Michigan","163","Wayne","42.3027864681917","-83.1065304278455"
"07/02/1987","AQS","261630015","1","0.1453","ug/m3 SC",".","Southwestern H.S.","1","100.0000","12128","Lead (TSP) STP","19820","Detroit-Warren-Dearborn, MI","26","Michigan","163","Wayne","42.3027864681917","-83.1065304278455"
"07/14/1987","AQS","261630015","1","0.0431","ug/m3 SC",".","Southwestern H.S.","1","100.0000","12128","Lead (TSP) STP","19820","Detroit-Warren-Dearborn, MI","26","Michigan","163","Wayne","42.3027864681917","-83.1065304278455"
"07/26/1987","AQS","261630015","1","0.0465","ug/m3 SC",".","Southwestern H.S.","1","100.0000","12128","Lead (TSP) STP","19820","Detroit-Warren-Dearborn, MI","26","Michigan","163","Wayne","42.3027864681917","-83.1065304278455"
"08/07/1987","AQS","261630015","1","0.1163","ug/m3 SC",".","Southwestern H.S.","1","100.0000","12128","Lead (TSP) STP","19820","Detroit-Warren-Dearborn, MI","26","Michigan","163","Wayne","42.3027864681917","-83.1065304278455"
"08/19/1987","AQS","261630015","1","0.0657","ug/m3 SC",".","Southwestern H.S.","1","100.0000","12128","Lead (TSP) STP","19820","Detroit-Warren-Dearborn, MI","26","Michigan","163","Wayne","42.3027864681917","-83.1065304278455"
"08/31/1987","AQS","261630015","1","0.0582","ug/m3 SC",".","Southwestern H.S.","1","100.0000","12128","Lead (TSP) STP","19820","Detroit-Warren-Dearborn, MI","26","Michigan","163","Wayne","42.3027864681917","-83.1065304278455"
"09/12/1987","AQS","261630015","1","0.0683","ug/m3 SC",".","Southwestern H.S.","1","100.0000","12128","Lead (TSP) STP","19820","Detroit-Warren-Dearborn, MI","26","Michigan","163","Wayne","42.3027864681917","-83.1065304278455"
"09/24/1987","AQS","261630015","1","0.1136","ug/m3 SC",".","Southwestern H.S.","1","100.0000","12128","Lead (TSP) STP","19820","Detroit-Warren-Dearborn, MI","26","Michigan","163","Wayne","42.3027864681917","-83.1065304278455"
"10/06/1987","AQS","261630015","1","0.0798","ug/m3 SC",".","Southwestern H.S.","1","100.0000","12128","Lead (TSP) STP","19820","Detroit-Warren-Dearborn, MI","26","Michigan","163","Wayne","42.3027864681917","-83.1065304278455"
"10/18/1987","AQS","261630015","1","0.1574","ug/m3 SC",".","Southwestern H.S.","1","100.0000","12128","Lead (TSP) STP","19820","Detroit-Warren-Dearborn, MI","26","Michigan","163","Wayne","42.3027864681917","-83.1065304278455"
"10/30/1987","AQS","261630015","1","0.0904","ug/m3 SC",".","Southwestern H.S.","1","100.0000","12128","Lead (TSP) STP","19820","Detroit-Warren-Dearborn, MI","26","Michigan","163","Wayne","42.3027864681917","-83.1065304278455"
"11/11/1987","AQS","261630015","1","0.0564","ug/m3 SC",".","Southwestern H.S.","1","100.0000","12128","Lead (TSP) STP","19820","Detroit-Warren-Dearborn, MI","26","Michigan","163","Wayne","42.3027864681917","-83.1065304278455"
"11/23/1987","AQS","261630015","1","0.1217","ug/m3 SC",".","Southwestern H.S.","1","100.0000","12128","Lead (TSP) STP","19820","Detroit-Warren-Dearborn, MI","26","Michigan","163","Wayne","42.3027864681917","-83.1065304278455"
"12/17/1987","AQS","261630015","1","0.0547","ug/m3 SC",".","Southwestern H.S.","1","100.0000","12128","Lead (TSP) STP","19820","Detroit-Warren-Dearborn, MI","26","Michigan","163","Wayne","42.3027864681917","-83.1065304278455"
"01/03/1987","AQS","261630029","1","0.0525","ug/m3 SC",".","","1","100.0000","12128","Lead (TSP) STP","19820","Detroit-Warren-Dearborn, MI","26","Michigan","163","Wayne","42.338094079","-83.023530756"
"01/15/1987","AQS","261630029","1","0.038","ug/m3 SC",".","","1","100.0000","12128","Lead (TSP) STP","19820","Detroit-Warren-Dearborn, MI","26","Michigan","163","Wayne","42.338094079","-83.023530756"
"01/27/1987","AQS","261630029","1","0.134","ug/m3 SC",".","","1","100.0000","12128","Lead (TSP) STP","19820","Detroit-Warren-Dearborn, MI","26","Michigan","163","Wayne","42.338094079","-83.023530756"
"02/20/1987","AQS","261630029","1","0.1353","ug/m3 SC",".","","1","100.0000","12128","Lead (TSP) STP","19820","Detroit-Warren-Dearborn, MI","26","Michigan","163","Wayne","42.338094079","-83.023530756"
"03/04/1987","AQS","261630029","1","0.0735","ug/m3 SC",".","","1","100.0000","12128","Lead (TSP) STP","19820","Detroit-Warren-Dearborn, MI","26","Michigan","163","Wayne","42.338094079","-83.023530756"
"03/16/1987","AQS","261630029","1","0.0487","ug/m3 SC",".","","1","100.0000","12128","Lead (TSP) STP","19820","Detroit-Warren-Dearborn, MI","26","Michigan","163","Wayne","42.338094079","-83.023530756"
"03/28/1987","AQS","261630029","1","0.0506","ug/m3 SC",".","","1","100.0000","12128","Lead (TSP) STP","19820","Detroit-Warren-Dearborn, MI","26","Michigan","163","Wayne","42.338094079","-83.023530756"
"04/09/1987","AQS","261630029","1","0.1549","ug/m3 SC",".","","1","100.0000","12128","Lead (TSP) STP","19820","Detroit-Warren-Dearborn, MI","26","Michigan","163","Wayne","42.338094079","-83.023530756"
"04/21/1987","AQS","261630029","1","0.1039","ug/m3 SC",".","","1","100.0000","12128","Lead (TSP) STP","19820","Detroit-Warren-Dearborn, MI","26","Michigan","163","Wayne","42.338094079","-83.023530756"
"05/03/1987","AQS","261630029","1","0.0474","ug/m3 SC",".","","1","100.0000","12128","Lead (TSP) STP","19820","Detroit-Warren-Dearborn, MI","26","Michigan","163","Wayne","42.338094079","-83.023530756"
"05/15/1987","AQS","261630029","1","0.0299","ug/m3 SC",".","","1","100.0000","12128","Lead (TSP) STP","19820","Detroit-Warren-Dearborn, MI","26","Michigan","163","Wayne","42.338094079","-83.023530756"
"05/27/1987","AQS","261630029","1","0.1241","ug/m3 SC",".","","1","100.0000","12128","Lead (TSP) STP","19820","Detroit-Warren-Dearborn, MI","26","Michigan","163","Wayne","42.338094079","-83.023530756"
"06/08/1987","AQS","261630029","1","0.0652","ug/m3 SC",".","","1","100.0000","12128","Lead (TSP) STP","19820","Detroit-Warren-Dearborn, MI","26","Michigan","163","Wayne","42.338094079","-83.023530756"
"06/20/1987","AQS","261630029","1","0.0684","ug/m3 SC",".","","1","100.0000","12128","Lead (TSP) STP","19820","Detroit-Warren-Dearborn, MI","26","Michigan","163","Wayne","42.338094079","-83.023530756"
"07/02/1987","AQS","261630029","1","0.0893","ug/m3 SC",".","","1","100.0000","12128","Lead (TSP) STP","19820","Detroit-Warren-Dearborn, MI","26","Michigan","163","Wayne","42.338094079","-83.023530756"
"07/14/1987","AQS","261630029","1","0.016","ug/m3 SC",".","","1","100.0000","12128","Lead (TSP) STP","19820","Detroit-Warren-Dearborn, MI","26","Michigan","163","Wayne","42.338094079","-83.023530756"
"07/26/1987","AQS","261630029","1","0.0464","ug/m3 SC",".","","1","100.0000","12128","Lead (TSP) STP","19820","Detroit-Warren-Dearborn, MI","26","Michigan","163","Wayne","42.338094079","-83.023530756"
"08/07/1987","AQS","261630029","1","0.1143","ug/m3 SC",".","","1","100.0000","12128","Lead (TSP) STP","19820","Detroit-Warren-Dearborn, MI","26","Michigan","163","Wayne","42.338094079","-83.023530756"
"08/19/1987","AQS","261630029","1","0.0404","ug/m3 SC",".","","1","100.0000","12128","Lead (TSP) STP","19820","Detroit-Warren-Dearborn, MI","26","Michigan","163","Wayne","42.338094079","-83.023530756"
"08/31/1987","AQS","261630029","1","0.0358","ug/m3 SC",".","","1","100.0000","12128","Lead (TSP) STP","19820","Detroit-Warren-Dearborn, MI","26","Michigan","163","Wayne","42.338094079","-83.023530756"
"09/12/1987","AQS","261630029","1","0.0798","ug/m3 SC",".","","1","100.0000","12128","Lead (TSP) STP","19820","Detroit-Warren-Dearborn, MI","26","Michigan","163","Wayne","42.338094079","-83.023530756"
"09/24/1987","AQS","261630029","1","0.0534","ug/m3 SC",".","","1","100.0000","12128","Lead (TSP) STP","19820","Detroit-Warren-Dearborn, MI","26","Michigan","163","Wayne","42.338094079","-83.023530756"
"10/18/1987","AQS","261630029","1","0.0516","ug/m3 SC",".","","1","100.0000","12128","Lead (TSP) STP","19820","Detroit-Warren-Dearborn, MI","26","Michigan","163","Wayne","42.338094079","-83.023530756"
"10/30/1987","AQS","261630029","1","0.0536","ug/m3 SC",".","","1","100.0000","12128","Lead (TSP) STP","19820","Detroit-Warren-Dearborn, MI","26","Michigan","163","Wayne","42.338094079","-83.023530756"
"11/11/1987","AQS","261630029","1","0.0514","ug/m3 SC",".","","1","100.0000","12128","Lead (TSP) STP","19820","Detroit-Warren-Dearborn, MI","26","Michigan","163","Wayne","42.338094079","-83.023530756"
"11/23/1987","AQS","261630029","1","0.0405","ug/m3 SC",".","","1","100.0000","12128","Lead (TSP) STP","19820","Detroit-Warren-Dearborn, MI","26","Michigan","163","Wayne","42.338094079","-83.023530756"
"12/17/1987","AQS","261630029","1","0.0182","ug/m3 SC",".","","1","100.0000","12128","Lead (TSP) STP","19820","Detroit-Warren-Dearborn, MI","26","Michigan","163","Wayne","42.338094079","-83.023530756"
"10/18/1987","AQS","261630032","5","0.0867","ug/m3 SC",".","","1","100.0000","12128","Lead (TSP) STP","19820","Detroit-Warren-Dearborn, MI","26","Michigan","163","Wayne","42.374204585","-83.032142689"
"10/30/1987","AQS","261630032","5","0.1159","ug/m3 SC",".","","1","100.0000","12128","Lead (TSP) STP","19820","Detroit-Warren-Dearborn, MI","26","Michigan","163","Wayne","42.374204585","-83.032142689"
"11/11/1987","AQS","261630032","5","0.0634","ug/m3 SC",".","","1","100.0000","12128","Lead (TSP) STP","19820","Detroit-Warren-Dearborn, MI","26","Michigan","163","Wayne","42.374204585","-83.032142689"
"12/05/1987","AQS","261630032","5","0.0547","ug/m3 SC",".","","1","100.0000","12128","Lead (TSP) STP","19820","Detroit-Warren-Dearborn, MI","26","Michigan","163","Wayne","42.374204585","-83.032142689"
"12/17/1987","AQS","261630032","5","0.0849","ug/m3 SC",".","","1","100.0000","12128","Lead (TSP) STP","19820","Detroit-Warren-Dearborn, MI","26","Michigan","163","Wayne","42.374204585","-83.032142689"
"12/29/1987","AQS","261630032","5","0.0611","ug/m3 SC",".","","1","100.0000","12128","Lead (TSP) STP","19820","Detroit-Warren-Dearborn, MI","26","Michigan","163","Wayne","42.374204585","-83.032142689"
